count,item_1,item_2,lift,item_1_count,item_2_count
8,Belgium Dark Chocolate Brownie Shake (Milkshake),Cold Coffee,0.14912405850433175,249,2449
11,Cold Coffee,Dry Fruit Shake (Milkshake),0.15150252086178215,2449,337
6,Banana Shake (Milkshake),Cold Coffee,0.17190690077582688,162,2449
5,Cold Coffee,Custard Apple (sitaphal),0.1813080594120049,2449,128
11,Cold Coffee,Nutella Brownie Shake (Milkshake),0.2026045616286531,2449,252
28,Cold Coffee,Mango Shake (Milkshake),0.22139968822235964,2449,587
10,Cold Coffee,Oreo Brownie Shake (Milkshake),0.22752383926212377,2449,204
12,Cold Coffee,Kitkat Shake,0.2330453382902423,2449,239
8,Cad-b,Strawberry Shake (Milkshake),0.2342232353282077,429,905
20,Cold Coffee,Wonder Vanilla Shake (Milkshake),0.24558128682260982,2449,378
8,Cold Coffee,Strawberry Banana Shake (Milkshake),0.24590656005018943,2449,151
16,Cold Coffee,Hazelnut Shake (Milkshake),0.2534600038742567,2449,293
13,Dry Fruit Shake (Milkshake),Waffles,0.2602312250702216,337,1685
35,Chocolate Shake (Milkshake),Cold Coffee,0.2603397776172378,624,2449
95,Cold Coffee,Waffles,0.26168617239762365,2449,1685
25,Cold Coffee,Oreo Shake (Milkshake),0.26372081369018896,2449,440
6,Chocolate Shake (Milkshake),Classic Lemonade,0.2659320606400899,624,411
6,Cad-b,Mango Shake (Milkshake),0.27083308514313625,429,587
9,Coffee Brownie Shake (Milkshake),Cold Coffee,0.2822525465440941,148,2449
7,Banana Shake (Milkshake),Waffles,0.29149357072205734,162,1685
7,Belgium Dark Chocolate Shake (Thickshake),Cold Coffee,0.3094324213964883,105,2449
15,Chocolate Brownie Shake (Milkshake),Cold Coffee,0.3122076000637214,223,2449
6,Choco-Chip Brownie Shake (Milkshake),Chocolate Shake (Milkshake),0.32146493212669686,340,624
28,Mango Shake (Milkshake),Waffles,0.3217850661463257,587,1685
5,Strawberry Cooler,Strawberry Shake (Milkshake),0.3253943262817393,193,905
24,Choco-Chip Brownie Shake (Milkshake),Cold Coffee,0.3276343285374583,340,2449
28,Blue Curacao,Waffles,0.32793026706231454,576,1685
9,Dry Fruit Shake (Milkshake),Strawberry Shake (Milkshake),0.33543616899191764,337,905
17,Choco-Chip Brownie Shake (Milkshake),Waffles,0.337299703264095,340,1685
19,Waffles,Wonder Vanilla Shake (Milkshake),0.33908435777871976,1685,378
6,Cold Coffee,Waffle,0.34381380155165375,2449,81
21,Classic Lemonade,Waffles,0.34468582815308973,411,1685
20,Choco Oreo Shake (Milkshake),Cold Coffee,0.34767687797358243,267,2449
12,Caramel Shake (Milkshake),Cold Coffee,0.3503008544111189,159,2449
69,Cold Coffee,Strawberry Shake (Milkshake),0.35388127750869114,2449,905
5,Belgium Dark Chocolate Shake (Milkshake),Oreo Shake (Milkshake),0.36283835546476,356,440
6,Belgium Dark Chocolate Brownie Shake (Thickshake),Waffles,0.3646483278530756,111,1685
8,Coffee Brownie Shake (Milkshake),Waffles,0.3646483278530756,148,1685
5,Classic Lemonade,Wonder Vanilla Shake (Milkshake),0.3658324643726104,411,378
17,Blue Curacao,Strawberry Shake (Milkshake),0.37070096685082876,576,905
5,Belgium Dark Chocolate Shake (Milkshake),Cad-b,0.37214190304077943,356,429
50,Strawberry Shake (Milkshake),Waffles,0.3727068544354641,905,1685
5,Cold Coffee,Oreo Shake (Thickshake),0.37431341297962306,2449,62
24,Cad-b,Waffles,0.3773982693864,429,1685
26,Blackcurrant Shake (Milkshake),Cold Coffee,0.3783029603279951,319,2449
12,Blue Curacao,Chocolate Shake (Milkshake),0.37950721153846156,576,624
18,Blackcurrant Shake (Milkshake),Waffles,0.3806517027431792,319,1685
9,Caramel Shake (Milkshake),Waffles,0.38184872067633385,159,1685
8,Chilli Guava,Waffles,0.38275143632805103,141,1685
5,Mango Shake (Milkshake),Nutella Brownie Shake (Milkshake),0.3842175711852032,587,252
11,Belgium Dark Chocolate Shake (Milkshake),Strawberry Shake (Milkshake),0.3880967161214229,356,905
30,Belgium Dark Chocolate Shake (Milkshake),Cold Coffee,0.39113648772028026,356,2449
5,Belgium Dark Chocolate Brownie Shake (Milkshake),Blue Curacao,0.39627259036144574,249,576
26,Oreo Shake (Milkshake),Waffles,0.39862692203938493,440,1685
6,Choco Oreo Shake (Milkshake),Chocolate Shake (Milkshake),0.40935609334485734,267,624
5,Classic Lemonade,Dry Fruit Shake (Milkshake),0.41034027161082115,411,337
38,Chocolate Shake (Milkshake),Waffles,0.41081374115498737,624,1685
22,Belgium Dark Chocolate Shake (Milkshake),Waffles,0.416887273697196,356,1685
8,Blue Curacao,Wonder Vanilla Shake (Milkshake),0.4176587301587302,576,378
15,Kitkat Shake,Waffles,0.42338874886706473,239,1685
9,Classic Lemonade,Mango Shake (Milkshake),0.4240415822131586,411,587
17,Choco Oreo Shake (Milkshake),Waffles,0.4295202213849898,267,1685
13,Oreo Brownie Shake (Milkshake),Waffles,0.42989177866992484,204,1685
16,Belgium Dark Chocolate Brownie Shake (Milkshake),Waffles,0.4334775302992384,249,1685
5,Blackcurrant Shake (Milkshake),Classic Lemonade,0.43349426812804615,319,411
8,Belgium Dark Chocolate Shake (Milkshake),Mango Shake (Milkshake),0.4351587772524549,356,587
7,Classic Lemonade,Oreo Shake (Milkshake),0.43999668214996684,411,440
55,Blue Curacao,Cold Coffee,0.4431974785626786,576,2449
12,Choco-Chip Brownie Shake (Milkshake),Strawberry Shake (Milkshake),0.4433019174520638,340,905
10,Blue Curacao,Oreo Shake (Milkshake),0.4485085227272728,576,440
9,Nutella Brownie Shake (Milkshake),Strawberry Shake (Milkshake),0.44857932123125493,252,905
17,Nutella Brownie Shake (Milkshake),Waffles,0.4550869012293345,252,1685
7,Blue Curacao,Hazelnut Shake (Milkshake),0.47146970989761094,576,293
11,Hazelnut Shake (Milkshake),Strawberry Shake (Milkshake),0.47154413289838404,293,905
5,Classic Lemonade,Hazelnut Shake (Milkshake),0.47196133628957926,411,293
9,Custard Apple (sitaphal),Waffles,0.47432770771513344,128,1685
11,Mango Shake (Milkshake),Oreo Shake (Milkshake),0.4841141396933561,587,440
45,Cad-b,Cold Coffee,0.48686919450496413,429,2449
5,Kulfi Nuts Shake (Milkshake),Waffles,0.49602897538837487,68,1685
5,Cad-b,Choco Oreo Shake (Milkshake),0.4961892040543726,429,267
6,Choco-Chip Brownie Shake (Thickshake),Waffles,0.49970326409495547,81,1685
10,Belgium Dark Chocolate Brownie Shake (Milkshake),Strawberry Shake (Milkshake),0.504426545962857,249,905
11,Blue Curacao,Cad-b,0.5060096153846154,576,429
7,Choco Oreo Shake (Milkshake),Mango Shake (Milkshake),0.507685240127864,267,587
45,Classic Lemonade,Cold Coffee,0.5081919329504371,411,2449
17,Chocolate Brownie Shake (Milkshake),Waffles,0.514268605873508,223,1685
8,Cad-b,Classic Lemonade,0.5157470266959319,429,411
7,Chocolate Shake (Milkshake),Kitkat Shake,0.5335331509494688,624,239
10,Chocolate Shake (Milkshake),Dry Fruit Shake (Milkshake),0.5405443962565624,624,337
7,Coffee Shake (Milkshake),Cold Coffee,0.5415067374438547,60,2449
6,Cad-b,Hazelnut Shake (Milkshake),0.542590515286761,429,293
7,Blue Curacao,Nutella Brownie Shake (Milkshake),0.5481770833333334,576,252
18,Classic Lemonade,Strawberry Shake (Milkshake),0.550082671290882,411,905
7,Cad-b,Dry Fruit Shake (Milkshake),0.5503724761884998,429,337
24,Hazelnut Shake (Milkshake),Waffles,0.5525728927193365,293,1685
16,Strawberry Cooler,Waffles,0.5592533940130071,193,1685
17,Chilli Guava,Cold Coffee,0.5596118259298194,141,2449
12,Choco Oreo Shake (Milkshake),Strawberry Shake (Milkshake),0.5645043143584332,267,905
10,Choco-Chip Brownie Shake (Milkshake),Mango Shake (Milkshake),0.569546046698066,340,587
10,Blackcurrant Shake (Milkshake),Chocolate Shake (Milkshake),0.5710453339763684,319,624
24,Cold Coffee,Strawberry Cooler,0.5771796461281649,2449,193
10,Blue Curacao,Choco-Chip Brownie Shake (Milkshake),0.5804227941176471,576,340
13,Strawberry Banana Shake (Milkshake),Waffles,0.5807809460176468,151,1685
5,Cad-b,Chocolate Brownie Shake (Milkshake),0.5940920066480605,429,223
6,Mango Shake (Milkshake),Strawberry Cooler,0.6020072203440697,587,193
5,Belgium Dark Chocolate Brownie Shake (Milkshake),Wonder Vanilla Shake (Milkshake),0.6038439472174412,249,378
18,Blue Curacao,Mango Shake (Milkshake),0.605142674616695,576,587
10,Blackcurrant Shake (Milkshake),Mango Shake (Milkshake),0.6070396735966846,319,587
5,Caramel Shake (Milkshake),Mango Shake (Milkshake),0.6089486033878693,159,587
8,Dry Fruit Shake (Milkshake),Oreo Shake (Milkshake),0.6132721877528999,337,440
12,Mango Shake (Milkshake),Wonder Vanilla Shake (Milkshake),0.6147481138963252,587,378
5,Chocolate Shake (Milkshake),Coffee Brownie Shake (Milkshake),0.6154170997920997,624,148
10,Blackcurrant Shake (Milkshake),Blue Curacao,0.6186324451410659,319,576
7,Blue Curacao,Chocolate Brownie Shake (Milkshake),0.6194646860986547,576,223
8,Cad-b,Choco-Chip Brownie Shake (Milkshake),0.6234471410942,429,340
7,Chocolate Strawberry Shake (Milkshake),Cold Coffee,0.6248154662813707,52,2449
6,Cad-b,Nutella Brownie Shake (Milkshake),0.630869130869131,429,252
6,Kulfi Shake (Milkshake),Waffles,0.6424756252649428,63,1685
8,Kitkat Shake,Mango Shake (Milkshake),0.6481862958237403,239,587
8,Blue Curacao,Kitkat Shake,0.6605648535564854,576,239
5,Oreo Brownie Shake (Thickshake),Waffles,0.6613719671844998,51,1685
5,Nutella Waffles,Waffles,0.6613719671844998,51,1685
6,Cad-b,Kitkat Shake,0.6651841881967405,429,239
8,Strawberry Banana Shake (Milkshake),Strawberry Shake (Milkshake),0.6654421718927226,151,905
5,Belgium Dark Chocolate Brownie Shake (Milkshake),Choco-Chip Brownie Shake (Milkshake),0.6713323883770376,249,340
7,Strawberry Shake (Thickshake),Waffles,0.6745994065281898,70,1685
14,Chocolate Shake (Milkshake),Wonder Vanilla Shake (Milkshake),0.6746794871794871,624,378
12,Chocolate Brownie Shake (Milkshake),Strawberry Shake (Milkshake),0.6758863315412631,223,905
11,Oreo Brownie Shake (Milkshake),Strawberry Shake (Milkshake),0.6772668183295418,204,905
22,Chocolate Shake (Milkshake),Mango Shake (Milkshake),0.6827250687983226,624,587
9,Choco-Chip Brownie Shake (Milkshake),Oreo Shake (Milkshake),0.6838435828877006,340,440
6,Choco-Chip Brownie Shake (Milkshake),Hazelnut Shake (Milkshake),0.6846215619353544,340,293
24,Oreo Shake (Milkshake),Strawberry Shake (Milkshake),0.6851029633350076,440,905
6,Classic Lemonade,Kitkat Shake,0.694316342424335,411,239
9,Belgium Dark Chocolate Shake (Milkshake),Classic Lemonade,0.6991921594357419,356,411
7,Belgium Dark Chocolate Shake (Milkshake),Blackcurrant Shake (Milkshake),0.7006533760698812,356,319
5,Dry Fruit Shake (Milkshake),Kitkat Shake,0.7056479147784412,337,239
5,Blackcurrant Shake (Milkshake),Nutella Brownie Shake (Milkshake),0.7070085087326466,319,252
8,Choco-Chip Brownie Shake (Milkshake),Wonder Vanilla Shake (Milkshake),0.7075630252100841,340,378
9,Caramel Shake (Milkshake),Strawberry Shake (Milkshake),0.7109559053476493,159,905
7,Nutella Brownie Shake (Milkshake),Oreo Shake (Milkshake),0.7176136363636364,252,440
6,Blackcurrant Shake (Milkshake),Hazelnut Shake (Milkshake),0.7296906929718511,319,293
14,Kitkat Shake,Strawberry Shake (Milkshake),0.7357451628562842,239,905
10,Blue Curacao,Choco Oreo Shake (Milkshake),0.7391151685393258,576,267
7,Belgium Dark Chocolate Brownie Shake (Milkshake),Cad-b,0.7448816243996966,249,429
6,Belgium Dark Chocolate Brownie Shake (Milkshake),Belgium Dark Chocolate Shake (Milkshake),0.7693921754433464,249,356
10,Cold Coffee,Hazelnut Shake (Thickshake),0.773581053491221,2449,60
8,Blue Curacao,Oreo Brownie Shake (Milkshake),0.7738970588235294,576,204
10,Banana Shake (Milkshake),Strawberry Shake (Milkshake),0.7753222836095764,162,905
37,Mango Shake (Milkshake),Strawberry Shake (Milkshake),0.7917004715427259,587,905
6,Choco-Chip Brownie Shake (Milkshake),Nutella Brownie Shake (Milkshake),0.7960084033613447,340,252
5,Banana Shake (Milkshake),Oreo Shake (Milkshake),0.797348484848485,162,440
5,Blackcurrant Shake (Milkshake),Chocolate Brownie Shake (Milkshake),0.7989513192853227,319,223
6,Blue Curacao,Coffee Brownie Shake (Milkshake),0.8000422297297298,576,148
6,Dry Fruit Shake (Milkshake),Nutella Brownie Shake (Milkshake),0.8030945315811785,337,252
12,Oreo Shake (Milkshake),Wonder Vanilla Shake (Milkshake),0.8201298701298703,440,378
6,Choco-Chip Brownie Shake (Milkshake),Kitkat Shake,0.8393059315776521,340,239
8,Chilli Pineapple,Cold Coffee,0.8439066038086046,44,2449
9,Belgium Dark Chocolate Shake (Milkshake),Choco-Chip Brownie Shake (Milkshake),0.8451999339061468,356,340
9,Mango Shake (Milkshake),Oreo Brownie Shake (Milkshake),0.8543190700470988,587,204
7,Coffee Shake (Thickshake),Waffles,0.8585810628540599,55,1685
21,Chocolate Shake (Milkshake),Oreo Shake (Milkshake),0.869416520979021,624,440
6,Cold Coffee,Mocha Coffee,0.8702786851776235,2449,32
6,Choco Oreo Shake (Milkshake),Hazelnut Shake (Milkshake),0.8718027380450205,267,293
5,Blackcurrant Shake (Milkshake),Oreo Brownie Shake (Milkshake),0.8733634519638577,319,204
7,Belgium Dark Chocolate Shake (Milkshake),Nutella Brownie Shake (Milkshake),0.886938202247191,356,252
6,Custard Apple (sitaphal),Mango Shake (Milkshake),0.9077140119250425,128,587
6,Hazelnut Shake (Milkshake),Nutella Brownie Shake (Milkshake),0.923695758166748,293,252
6,Choco-Chip Brownie Shake (Thickshake),Strawberry Shake (Milkshake),0.9303867403314918,81,905
6,Choco Oreo Shake (Thickshake),Waffles,0.9413014974811953,43,1685
9,Blackcurrant Shake (Milkshake),Choco-Chip Brownie Shake (Milkshake),0.9432325281209663,319,340
6,Hazelnut Shake (Milkshake),Kitkat Shake,0.973938623673726,293,239
5,Kulfi Shake (Milkshake),Strawberry Shake (Milkshake),0.9968429360694555,63,905
8,Choco Oreo Shake (Milkshake),Choco-Chip Brownie Shake (Milkshake),1.0017184401850627,267,340
6,Oreo Shake (Milkshake),Strawberry Banana Shake (Milkshake),1.0265201685731489,440,151
7,Oreo Brownie Shake (Milkshake),Wonder Vanilla Shake (Milkshake),1.031862745098039,204,378
18,Dry Fruit Shake (Milkshake),Mango Shake (Milkshake),1.0343091411846181,337,587
8,Chocolate Strawberry Shake (Milkshake),Waffles,1.0378452408126,52,1685
5,Banana Shake (Milkshake),Dry Fruit Shake (Milkshake),1.0410484668644906,162,337
5,Choco Oreo Shake (Milkshake),Oreo Brownie Shake (Milkshake),1.0434567085261068,267,204
52,Chocolate Shake (Milkshake),Strawberry Shake (Milkshake),1.0466850828729282,624,905
5,Caramel Shake (Milkshake),Dry Fruit Shake (Milkshake),1.060690890767594,159,337
8,Blackcurrant Shake (Milkshake),Choco Oreo Shake (Milkshake),1.067662287344581,319,267
6,Cold Coffee,Hazelnut Coffee,1.0711122279109215,2449,26
8,Chocolate Brownie Shake (Milkshake),Wonder Vanilla Shake (Milkshake),1.0787956438180655,223,378
7,Strawberry Shake (Milkshake),Waffle,1.085451197053407,905,81
6,Blackcurrant Shake (Milkshake),Strawberry Cooler,1.1077687722318774,319,193
5,Belgium Dark Chocolate Brownie Shake (Milkshake),Oreo Brownie Shake (Milkshake),1.1188873139617292,249,204
5,Chocolate Shake (Milkshake),Waffle,1.1244658119658117,624,81
10,Banana Shake (Milkshake),Chocolate Shake (Milkshake),1.1244658119658117,162,624
5,Belgium Dark Chocolate Shake (Milkshake),Chilli Guava,1.1322615347836482,356,141
6,Caramel Shake (Milkshake),Wonder Vanilla Shake (Milkshake),1.1347708894878707,159,378
12,Belgium Dark Chocolate Shake (Milkshake),Dry Fruit Shake (Milkshake),1.1369652919014437,356,337
5,Kitkat Shake,Oreo Brownie Shake (Milkshake),1.1657026827467387,239,204
36,Strawberry Shake (Milkshake),Wonder Vanilla Shake (Milkshake),1.1962115232833466,905,378
7,Belgium Dark Chocolate Brownie Shake (Milkshake),Choco Oreo Shake (Milkshake),1.196832272911872,249,267
6,Chocolate Brownie Shake (Milkshake),Nutella Brownie Shake (Milkshake),1.2136450992953236,223,252
14,Chocolate Brownie Shake (Milkshake),Mango Shake (Milkshake),1.2157126377949747,223,587
7,Caramel Shake (Milkshake),Classic Lemonade,1.217600881421292,159,411
5,Blue Curacao,Choco-Chip Brownie Shake (Thickshake),1.2181712962962965,576,81
13,Blackcurrant Shake (Milkshake),Wonder Vanilla Shake (Milkshake),1.2254814151365874,319,378
11,Hazelnut Shake (Thickshake),Waffles,1.236765578635015,60,1685
6,Banana Shake (Milkshake),Choco-Chip Brownie Shake (Milkshake),1.238235294117647,162,340
8,Belgium Dark Chocolate Brownie Shake (Milkshake),Hazelnut Shake (Milkshake),1.2464328302972985,249,293
10,Choco Oreo Shake (Milkshake),Dry Fruit Shake (Milkshake),1.2632947687793816,267,337
10,Oreo Brownie Shake (Milkshake),Oreo Shake (Milkshake),1.2663770053475936,204,440
10,Mango Shake (Milkshake),Strawberry Banana Shake (Milkshake),1.2824215621016055,587,151
12,Belgium Dark Chocolate Shake (Milkshake),Hazelnut Shake (Milkshake),1.3077041070675308,356,293
11,Belgium Dark Chocolate Shake (Milkshake),Choco Oreo Shake (Milkshake),1.315458906703699,356,267
15,Hazelnut Shake (Milkshake),Oreo Shake (Milkshake),1.32256438101148,293,440
7,Belgium Dark Chocolate Brownie Shake (Milkshake),Kitkat Shake,1.3370469324998737,249,239
6,Blackcurrant Shake (Milkshake),Caramel Shake (Milkshake),1.3446501449103923,319,159
6,Choco-Chip Brownie Shake (Milkshake),Coffee Brownie Shake (Milkshake),1.3553656597774246,340,148
5,Chocolate Shake (Milkshake),Fruit-A-List Shake (Milkshake),1.3594288174512055,624,67
5,Chilli Guava,Hazelnut Shake (Milkshake),1.3757170866313266,141,293
5,Blackcurrant Shake (Milkshake),Custard Apple (sitaphal),1.391923001567398,319,128
5,Banana Shake (Milkshake),Belgium Dark Chocolate Brownie Shake (Milkshake),1.4089692101740292,162,249
13,Caramel Shake (Milkshake),Chocolate Shake (Milkshake),1.48938679245283,159,624
6,Hazelnut Shake (Milkshake),Strawberry Banana Shake (Milkshake),1.5415319937617251,293,151
13,Banana Shake (Milkshake),Mango Shake (Milkshake),1.5539466212379327,162,587
6,Caramel Shake (Milkshake),Choco Oreo Shake (Milkshake),1.6065295738817045,159,267
15,Kitkat Shake,Oreo Shake (Milkshake),1.621386458729555,239,440
10,Caramel Shake (Milkshake),Oreo Shake (Milkshake),1.624785591766724,159,440
11,Choco-Chip Brownie Shake (Milkshake),Chocolate Brownie Shake (Milkshake),1.6491295172777634,340,223
12,Blue Curacao,Chilli Guava,1.679521276595745,576,141
13,Belgium Dark Chocolate Shake (Milkshake),Kitkat Shake,1.7367660194631187,356,239
5,Coffee Brownie Shake (Milkshake),Oreo Brownie Shake (Milkshake),1.8824523052464228,148,204
13,Choco-Chip Brownie Shake (Milkshake),Oreo Brownie Shake (Milkshake),2.1304930795847747,340,204
9,Belgium Dark Chocolate Brownie Shake (Thickshake),Cad-b,2.1483651483651482,111,429
10,Chocolate Brownie Shake (Milkshake),Oreo Brownie Shake (Milkshake),2.4986810867844893,223,204
64,Blackcurrant Shake (Milkshake),Strawberry Shake (Milkshake),2.519918945600028,319,905
15,Choco Oreo Shake (Milkshake),Kitkat Shake,2.671947722250952,267,239
58,Blue Curacao,Classic Lemonade,2.784899635036497,576,411
16,Belgium Dark Chocolate Brownie Shake (Milkshake),Nutella Brownie Shake (Milkshake),2.8984509466437176,249,252
22,Classic Lemonade,Strawberry Cooler,3.1526039105933967,411,193
6,Dry Fruit Shake (Milkshake),Kulfi Shake (Milkshake),3.212378126324714,337,63
6,Coffee Shake (Milkshake),Dry Fruit Shake (Milkshake),3.3729970326409497,60,337
34,Blue Curacao,Strawberry Cooler,3.476522020725389,576,193
18,Chilli Guava,Classic Lemonade,3.530672464668427,141,411
5,Blue Curacao,Lemonade,3.9468750000000004,576,25
10,Chilli Guava,Strawberry Cooler,4.17704773453864,141,193
5,Cookest N Cream Shake (Milkshake),Kitkat Shake,4.403765690376568,54,239
8,Chilli Pineapple,Classic Lemonade,5.028533510285335,44,411
11,Dry Fruit Shake (Milkshake),Kulfi Nuts Shake (Milkshake),5.456318729272124,337,68
8,Blackcurrent Shake (Milkshake),Dry Fruit Shake (Milkshake),7.4955489614243325,36,337
7,Belgium Dark Chocolate Shake (Thickshake),Nutella Brownie Shake (Thickshake),7.654545454545453,105,99
5,Belgium Dark Chocolate Shake (Thickshake),Hazelnut Shake (Thickshake),9.02142857142857,105,60
5,Mango Shake (Thickshake),Strawberry Banana Shake (Milkshake),9.18026167016637,41,151
11,Belgium Dark Chocolate Brownie Shake (Thickshake),Nutella Brownie Shake (Thickshake),11.378378378378377,111,99
6,Oreo Banana Shake (Milkshake),Strawberry Banana Shake (Milkshake),12.54635761589404,36,151
5,Chilli Guava Cooler,Waffle,29.236111111111107,24,81
